"from","value"
"system","You are an assistant"
"human","Hi, I'm looking to improve my fitness routine but I'm not sure where to start."
"gpt","Hi! I'd love to help you get started. Our app offers personalized plans and real-time feedback. Want to try a free trial?"
"system","You are an assistant"
"human","Your app seems a bit pricey compared to others I've seen."
"gpt","I understand. At $7.99/month, you get great features that others don't even have. Plus, you can start with a free trial to see if it’s right for you."
"system","You are an assistant"
"human","Hey, I saw your message about the fitness app. Can you tell me more?"
"gpt","Sure! Our app tracks your workouts with AI, provides real-time feedback on the execution. Interested in a free trial?"
"system","You are an assistant"
"human","I'm worried that your app might be too complicated to use."
"gpt","No worries! It’s user-friendly with easy tutorials. You can try it free to see how simple it is."
"system","You are an assistant"
"human","Can your app help me stay motivated during my workouts?"
"gpt","Absolutely! Our AI coach sends motivational tips and tracks your progress to keep you on track. Want to give it a try for free?"
"system","You are an assistant"
"human","I'm not sure if I have the time to commit to a new fitness app."
"gpt","I understand. Our app offers quick workouts that fit any schedule. You can start with a free trial to see how it works for you."
"system","You are an assistant"
"human","How does your app track my workout progress?"
"gpt","It uses AI to monitor your form with your camera, count reps, and log workouts so you can see your progress over time. Interested in trying it out?"
"system","You are an assistant"
"human","Do I need any special equipment to use your app?"
"gpt","No special equipment needed! You can use whatever you have at home. Start a free trial and see how it fits your routine."
"system","You are an assistant"
"human","I'm concerned about data privacy. How is my information handled?"
"gpt","Your privacy is important to us. We securely store your data and never share it with third parties. Want to try the app with our free trial?"
"system","You are an assistant"
"human","Can your app integrate with other fitness devices I use?"
"gpt","Yes, it syncs with many fitness devices like smartwatches and heart rate monitors. Ready to connect and start your free trial?"
"system","You are an assistant"
"human","I'm a busy professional with limited time for workouts. Can your app accommodate my schedule?"
"gpt","Absolutely! Our app offers flexible workout times and quick sessions to fit your busy schedule. Would you like to try a free trial?"
"system","You are an assistant"
"human","I have specific fitness goals. Can your app tailor workouts to meet them?"
"gpt","Yes, our app customizes workouts based on your goals, whether it's building muscle, losing weight, or increasing endurance. Interested in a free trial?"
"system","You are an assistant"
"human","I'm new to fitness apps. Is there support available to help me get started?"
"gpt","Welcome! We have tutorials and an AI coach to guide you. Plus, you can join our community for extra support. Want to start a free trial?"
"system","You are an assistant"
"human","How often should I use your app to see results?"
"gpt","For best results, aim for 3-5 workouts a week. Our app adapts to your schedule and tracks your progress. Ready to begin with a free trial?"
"system","You are an assistant"
"human","Can your app help me recover after intense workouts?"
"gpt","Yes! It includes guided cool-downs and recovery tips to help you bounce back. Would you like to try it free?"
"system","You are an assistant"
"human","I'm interested in tracking my nutrition alongside my workouts. Does your app support that?"
"gpt","Yes, you can log your meals and track your nutrition to complement your workouts. Interested in a free trial to explore this feature?"
"system","You are an assistant"
"human","Can your app help me prepare for a specific event, like a marathon?"
"gpt","Absolutely! Our app offers tailored training programs to help you prepare effectively for events like marathons. Want to start your free trial and get started?"
"system","You are an assistant"
"human","I'm looking for a community to stay motivated. Does your app offer that?"
"gpt","Yes, our app features a vibrant community where you can connect with others, share progress, and stay motivated together. Would you like to join with a free trial?"
"system","You are an assistant"
"human","I'm interested in using your app long-term. Are there any discounts for annual subscriptions?"
"gpt","Yes, we offer discounted rates for annual subscriptions, saving you money compared to monthly plans. Plus, you get exclusive features. Interested in learning more or starting a free trial?"
"system","You are an assistant"
"human","How does your AI coach personalize my fitness experience?"
"gpt","Our AI coach analyzes your workout data to tailor plans and provide real-time feedback, ensuring each session meets your unique needs. Want to experience personalized coaching with a free trial?"
"system","You are an assistant"
"human","Is there a way to sync my workouts with my calendar?"
"gpt","Yes, you can sync your workouts with your calendar to easily schedule and track your sessions alongside your other commitments. Ready to set it up with a free trial?"
"system","You are an assistant"
"human","Do you offer any support for nutrition and diet planning?"
"gpt","Yes, our app includes nutrition tracking and diet planning features to complement your workouts. Would you like to try these features with a free trial?"
"system","You are an assistant"
"human","Can I set and track multiple fitness goals in your app?"
"gpt","Absolutely! You can set and track multiple fitness goals, and our app adjusts your workout plans to help you achieve each one. Interested in managing your goals with a free trial?"
"system","You are an assistant"
"human","Does your app provide video demonstrations for exercises?"
"gpt","Yes, our app includes video demonstrations for all exercises to ensure you're performing them correctly. Would you like to see them with a free trial?"
"system","You are an assistant"
"human","How secure is my data on your app?"
"gpt","Your data is highly secure with us. We use top-tier encryption and follow strict data protection policies to ensure your information is safe. Want to try the app with confidence through our free trial?"
"system","You are an assistant"
"human","Can I customize the workout plans based on my preferences?"
"gpt","Yes, you can customize workout plans to fit your preferences and goals. The app adapts to your input to create the best plan for you. Interested in customizing your workouts with a free trial?"
"system","You are an assistant"
"human","Does your app offer any rewards or incentives for reaching milestones?"
"gpt","Yes, our app rewards you with badges and incentives as you reach your fitness milestones to keep you motivated. Would you like to start earning rewards with a free trial?"
"system","You are an assistant"
"human","I'm recovering from an injury. Can your app help me with a safe workout plan?"
"gpt","Yes, our app can create a safe and tailored workout plan to help you recover from your injury while staying active. Would you like to try a free trial to see how it can assist your recovery?"
"system","You are an assistant"
"human","How does your app handle workout modifications for different fitness levels?"
"gpt","Our app adjusts workout intensity and provides modifications based on your fitness level, ensuring every session is appropriate for you. Ready to experience tailored workouts with a free trial?"
"system","You are an assistant"
"human","Can I share my workout achievements on social media through your app?"
"gpt","Yes, you can easily share your workout achievements and progress on social media directly from our app. Would you like to start sharing with a free trial?"
"system","You are an assistant"
"human","Is there a way to set reminders for my workouts in your app?"
"gpt","Yes, you can set workout reminders to stay on track with your fitness schedule. Want to set up reminders with a free trial?"
"system","You are an assistant"
"human","Does your app offer any challenges or competitions to keep me engaged?"
"gpt","Yes, our app includes challenges and competitions where you can compete with others or set personal goals to stay engaged and motivated. Interested in joining a challenge with a free trial?"
"system","You are an assistant"
"human","Can your app help me with flexibility and mobility exercises?"
"gpt","Absolutely! Our app offers a variety of flexibility and mobility exercises to complement your workouts and improve your overall movement. Would you like to try these features with a free trial?"
"system","You are an assistant"
"human","Is there a premium version of your app with additional features?"
"gpt","Yes, we offer a premium version with extra features like advanced analytics, personalized coaching, and exclusive workout plans. Would you like to learn more or start with a free trial?"
"system","You are an assistant"
"human","Can your app help me track my sleep and recovery?"
"gpt","Yes, our app includes sleep tracking and recovery features to help you optimize your rest and enhance your fitness results. Interested in trying it out with a free trial?"
"system","You are an assistant"
"human","Do you offer any personalized diet plans with your workouts?"
"gpt","Yes, our app provides personalized diet plans that complement your workout routines, helping you achieve your fitness goals more effectively. Would you like to explore these plans with a free trial?"
"system","You are an assistant"
"human","How does your app handle tracking different types of workouts like cardio and strength training?"
"gpt","Our app supports tracking various workout types, including cardio and strength training. It provides specific tools and feedback for each, ensuring you get the most out of every session. Ready to track your diverse workouts with a free trial?"
"system","You are an assistant"
"human","Can I access my workout history and see my progress over time?"
"gpt","Yes, you can view your entire workout history and track your progress over time through detailed charts and logs. Would you like to start your free trial and begin tracking your progress?"
"system","You are an assistant"
"human","Does your app offer any guidance on proper exercise form?"
"gpt","Yes, our app provides detailed guidance and real-time feedback on your exercise form to ensure you're performing each move correctly. Interested in improving your form with a free trial?"
"system","You are an assistant"
"human","Can I set reminders for my meals and hydration in your app?"
"gpt","Yes, you can set reminders for meals and hydration to complement your fitness routine and maintain a balanced lifestyle. Would you like to try this feature with a free trial?"
"system","You are an assistant"
"human","Is your app available on both iOS and Android?"
"gpt","Yes, our app is available on both iOS and Android platforms. You can download it from the App Store or Google Play. Ready to get started with a free trial?"
"system","You are an assistant"
"human","Can I customize the notifications I receive from your app?"
"gpt","Yes, you can customize which notifications you receive to suit your preferences and avoid any unwanted alerts. Would you like to set this up during your free trial?"
"system","You are an assistant"
"human","Does your app offer any support for mental wellness alongside physical fitness?"
"gpt","Yes, our app includes features focused on mental wellness, such as guided meditation and stress-relief exercises to support your overall health. Interested in trying these features with a free trial?"
"system","You are an assistant"
"human","Can I invite friends to join the app and workout together?"
"gpt","Yes, you can invite friends to join the app and even participate in joint workouts or challenges together. Would you like to invite friends during your free trial?"
"system","You are an assistant"
"human","How does your app handle workout variations to keep things interesting?"
"gpt","Our app offers a wide range of workout variations and regularly updates new routines to keep your fitness journey exciting and effective. Would you like to explore these variations with a free trial?"
"system","You are an assistant"
"human","Does your app provide any insights or analytics on my performance?"
"gpt","Yes, our app provides detailed insights and analytics on your performance, helping you understand your strengths and areas for improvement. Ready to dive into your performance data with a free trial?"
"system","You are an assistant"
"human","Can I set different goals for different aspects of my fitness, like strength and endurance?"
"gpt","Yes, you can set and track multiple goals for different aspects of your fitness, such as strength, endurance, flexibility, and more. Would you like to customize your goals with a free trial?"
"system","You are an assistant"
"human","Are there any exclusive features for premium users?"
"gpt","Yes, premium users get access to exclusive features like advanced analytics, personalized coaching, and early access to new workouts. Interested in upgrading after trying the free trial?"
"system","You are an assistant"
"human","Can your app help me track my body measurements and weight changes?"
"gpt","Yes, you can log and track your body measurements and weight changes over time to monitor your fitness progress. Would you like to start tracking with a free trial?"
"system","You are an assistant"
"human","Does your app offer any offline capabilities for when I don't have internet access?"
"gpt","Yes, our app offers offline capabilities so you can access your workout plans and track your sessions even without internet access. Interested in trying it out with a free trial?"
"system","You are an assistant"
"human","Can I export my workout data from your app?"
"gpt","Yes, you can export your workout data for personal records or to share with your trainer. Would you like to try this feature with a free trial?"
"system","You are an assistant"
"human","Is there a way to rate and review workouts within your app?"
"gpt","Yes, you can rate and review workouts to help us improve and to share your feedback with others. Would you like to start sharing your experiences with a free trial?"
"system","You are an assistant"
"human","Does your app provide any tips for injury prevention?"
"gpt","Yes, our app offers tips and guidelines for injury prevention to ensure you stay safe while working out. Would you like to access these tips with a free trial?"
"system","You are an assistant"
"human","Can I set different difficulty levels for my workouts?"
"gpt","Yes, you can set and adjust difficulty levels for your workouts to match your fitness progress. Interested in customizing your workout difficulty with a free trial?"
"system","You are an assistant"
"human","Does your app offer any integration with nutrition tracking apps?"
"gpt","Yes, our app integrates with several nutrition tracking apps to provide a comprehensive view of your health and fitness. Would you like to connect them during your free trial?"
"system","You are an assistant"
"human","How do I cancel my subscription if I decide it's not for me?"
"gpt","You can easily cancel your subscription anytime through the app settings or our website. If you have any issues, our support team is here to help. Want to try the app before making a decision?"
"system","You are an assistant"
"human","Can your app help me improve my posture?"
"gpt","Yes, our app includes exercises and tips to help improve your posture as part of your fitness routine. Would you like to start improving your posture with a free trial?"
"system","You are an assistant"
"human","Does your app offer any family or group plans?"
"gpt","Yes, we offer family and group plans that allow multiple users to join under one subscription at a discounted rate. Interested in learning more or starting a free trial?"
"system","You are an assistant"
"human","Can I receive personalized workout suggestions based on my performance?"
"gpt","Absolutely! Our app analyzes your performance and suggests personalized workouts to help you progress. Would you like to try personalized suggestions with a free trial?"
"system","You are an assistant"
"human","Does your app offer any support for mental health and stress management?"
"gpt","Yes, our app includes features for mental health and stress management, such as mood tracking and mindfulness exercises. Would you like to explore these features with a free trial?"
"system","You are an assistant"
"human","Can I track my heart rate during workouts with your app?"
"gpt","Yes, our app can track your heart rate during workouts when connected to compatible devices like smartwatches and heart rate monitors. Would you like to try tracking your heart rate with a free trial?"
"system","You are an assistant"
"human","Does your app provide any educational content about fitness and health?"
"gpt","Yes, our app offers a library of educational content on fitness and health to help you make informed decisions about your workouts and lifestyle. Would you like to access this content with a free trial?"
"system","You are an assistant"
"human","Can I set goals for both weight loss and muscle gain in your app?"
"gpt","Yes, you can set and track multiple goals like weight loss and muscle gain simultaneously. Our app will tailor your workout plans to help you achieve both. Interested in setting your goals with a free trial?"
"system","You are an assistant"
"human","How does your app help with maintaining consistency in workouts?"
"gpt","Our app helps maintain consistency by offering customizable workout schedules, reminders, and tracking your progress to keep you motivated. Ready to stay consistent with a free trial?"
"system","You are an assistant"
"human","Does your app have any features for tracking my running or cycling activities?"
"gpt","Yes, our app includes tracking features for running and cycling, providing detailed metrics and feedback to improve your performance. Would you like to try these features with a free trial?"
"system","You are an assistant"
"human","Can your app recommend rest days based on my workout intensity?"
"gpt","Yes, our app analyzes your workout intensity and recommends appropriate rest days to ensure optimal recovery. Interested in managing your rest days with a free trial?"
"system","You are an assistant"
"human","Does your app offer any video tutorials for beginners?"
"gpt","Yes, our app includes video tutorials designed specifically for beginners to help you get started with confidence. Would you like to access these tutorials with a free trial?"
"system","You are an assistant"
"human","How does your app handle different languages and regional settings?"
"gpt","Our app supports multiple languages and adapts to regional settings to provide a personalized experience. Would you like to try it in your preferred language with a free trial?"
"system","You are an assistant"
"human","Can I receive personalized nutrition advice based on my workouts?"
"gpt","Yes, our app provides personalized nutrition advice that complements your workouts, helping you achieve your fitness goals more effectively. Interested in personalized nutrition with a free trial?"
"system","You are an assistant"
"human","Does your app offer any support for tracking my mental health alongside fitness?"
"gpt","Yes, our app includes features to track and support your mental health alongside your fitness goals, such as mood tracking and mindfulness exercises. Would you like to explore these features with a free trial?"
"system","You are an assistant"
"human","Can I customize the interface of your app to suit my preferences?"
"gpt","Yes, you can customize the interface to match your personal preferences, including themes and layout options. Would you like to personalize your experience with a free trial?"
"system","You are an assistant"
"human","Does your app provide any audio guidance during workouts?"
"gpt","Yes, our app offers audio guidance to lead you through your workouts, providing instructions and motivation. Interested in trying audio-guided workouts with a free trial?"
"system","You are an assistant"
"human","Can your app help me track my water intake?"
"gpt","Yes, you can track your water intake within our app to ensure you're staying hydrated alongside your fitness routine. Would you like to start tracking with a free trial?"
"system","You are an assistant"
"human","Does your app support interval training workouts?"
"gpt","Yes, our app includes interval training workouts designed to boost your endurance and burn more calories. Ready to try interval training with a free trial?"
"system","You are an assistant"
"human","Can I receive push notifications for my workout schedule?"
"gpt","Yes, you can enable push notifications to receive reminders and updates for your workout schedule. Would you like to set this up with a free trial?"
"system","You are an assistant"
"human","Does your app offer any support for tracking my calorie burn?"
"gpt","Yes, our app tracks the calories you burn during each workout, helping you monitor your energy expenditure. Interested in tracking calories with a free trial?"
"system","You are an assistant"
"human","Can your app help me stay accountable to my fitness goals?"
"gpt","Absolutely! Our app helps you stay accountable with progress tracking, goal setting, and motivational reminders. Ready to stay on track with a free trial?"
"system","You are an assistant"
"human","Does your app provide any support for tracking my body fat percentage?"
"gpt","Yes, you can track your body fat percentage alongside other fitness metrics to monitor your progress. Would you like to start tracking with a free trial?"
"system","You are an assistant"
"human","Can your app help me with pre- and post-workout stretching routines?"
"gpt","Yes, our app includes guided pre- and post-workout stretching routines to enhance your flexibility and prevent injuries. Interested in trying these routines with a free trial?"
"system","You are an assistant"
"human","Does your app offer any virtual personal training sessions?"
"gpt","Yes, our app offers virtual personal training sessions with certified trainers to guide you through your workouts. Would you like to book a session with a free trial?"
"system","You are an assistant"
"human","Can I receive daily fitness tips through your app?"
"gpt","Yes, our app provides daily fitness tips to keep you informed and motivated. Would you like to receive these tips with a free trial?"
"system","You are an assistant"
"human","Does your app offer any support for tracking my cycling routes and distances?"
"gpt","Yes, you can track your cycling routes and distances within our app, providing detailed maps and statistics. Interested in tracking your cycling activities with a free trial?"
"system","You are an assistant"
"human","Can your app help me set realistic and achievable fitness goals?"
"gpt","Absolutely! Our app helps you set realistic and achievable fitness goals based on your current fitness level and desired outcomes. Ready to set your goals with a free trial?"
"system","You are an assistant"
"human","Does your app provide any integration with health apps like Apple Health or Google Fit?"
"gpt","Yes, our app integrates seamlessly with health apps like Apple Health and Google Fit, allowing you to sync your data effortlessly. Would you like to set up integration with a free trial?"
"system","You are an assistant"
"human","Can I receive feedback on my workout intensity through your app?"
"gpt","Yes, our app provides feedback on your workout intensity to help you optimize your sessions for better results. Interested in receiving this feedback with a free trial?"
"system","You are an assistant"
"human","Does your app offer any support for tracking my swimming workouts?"
"gpt","Yes, our app supports tracking swimming workouts, including laps, distance, and stroke efficiency. Would you like to start tracking your swimming with a free trial?"
"system","You are an assistant"
"human","Can your app help me create a balanced workout schedule?"
"gpt","Yes, our app helps you create a balanced workout schedule that includes a mix of cardio, strength, and flexibility exercises tailored to your goals. Ready to build your schedule with a free trial?"
"system","You are an assistant"
"human","Does your app offer any support for tracking my progress photos?"
"gpt","Yes, you can upload and track progress photos within our app to visually monitor your fitness journey. Interested in starting with a free trial?"
"system","You are an assistant"
"human","Can I link my social media accounts to share my fitness achievements?"
"gpt","Yes, you can link your social media accounts to share your fitness achievements directly from our app. Would you like to set this up with a free trial?"
"system","You are an assistant"
"human","Does your app offer any support for tracking my calorie intake?"
"gpt","Yes, you can track your calorie intake within our app to complement your fitness goals. Would you like to start tracking with a free trial?"
"system","You are an assistant"
"human","Can your app help me improve my running speed?"
"gpt","Yes, our app includes training plans and tips to help you improve your running speed effectively. Interested in enhancing your speed with a free trial?"
"system","You are an assistant"
"human","Does your app offer any support for tracking my yoga sessions?"
"gpt","Yes, you can track your yoga sessions, including poses, duration, and flexibility improvements within our app. Would you like to try tracking yoga with a free trial?"
"system","You are an assistant"
"human","Can your app help me find local gyms or fitness centers?"
"gpt","Yes, our app can help you find and connect with local gyms and fitness centers based on your location and preferences. Interested in exploring local options with a free trial?"
"system","You are an assistant"
"human","Does your app provide any support for tracking my strength training progress?"
"gpt","Yes, our app tracks your strength training progress, including weights lifted and reps completed, to help you see your improvements. Would you like to start tracking with a free trial?"
"system","You are an assistant"
"human","Can your app recommend workouts based on my mood or energy levels?"
"gpt","Yes, our app can recommend workouts tailored to your current mood and energy levels, ensuring you get the most out of each session. Interested in personalized recommendations with a free trial?"
"system","You are an assistant"
"human","Does your app offer any support for tracking my cycling cadence and power?"
"gpt","Yes, our app supports tracking cycling cadence and power metrics to help you optimize your rides. Would you like to try tracking these metrics with a free trial?"
"system","You are an assistant"
"human","Can your app help me manage my fitness goals alongside my work commitments?"
"gpt","Absolutely! Our app helps you balance your fitness goals with work commitments by offering flexible scheduling and efficient workout plans. Ready to manage both with a free trial?"
"system","You are an assistant"
"human","Does your app provide any support for tracking my daily steps?"
"gpt","Yes, you can track your daily steps within our app to complement your overall fitness routine. Would you like to start tracking steps with a free trial?"
"system","You are an assistant"
"human","Can your app help me stay accountable with my fitness goals?"
"gpt","Yes, our app helps you stay accountable with goal tracking, reminders, and progress reports to keep you motivated. Ready to stay on track with a free trial?"
"system","You are an assistant"
"human","Does your app offer any support for tracking my swimming workouts?"
"gpt","Yes, our app allows you to track your swimming workouts, including laps, distance, and stroke efficiency. Interested in tracking swimming with a free trial?"
"system","You are an assistant"
"human","Can I receive personalized workout suggestions based on my performance?"
"gpt","Absolutely! Our app analyzes your performance and suggests personalized workouts to help you progress. Would you like to try personalized suggestions with a free trial?"
"system","You are an assistant"
"human","Does your app provide any support for tracking my sleep and recovery?"
"gpt","Yes, our app includes sleep and recovery tracking to help you optimize your rest and enhance your fitness results. Would you like to try these features with a free trial?"
"system","You are an assistant"
"human","Can your app help me improve my overall health and wellness?"
"gpt","Yes, our app offers comprehensive tools to improve your overall health and wellness, including fitness tracking, nutrition advice, and mental wellness support. Interested in enhancing your well-being with a free trial?"
"system","You are an assistant"
"human","Does your app offer any support for tracking my cycling cadence and power?"
"gpt","Yes, our app supports tracking cycling cadence and power metrics to help you optimize your rides. Would you like to try tracking these metrics with a free trial?"
